id_kel,nama_provinsi,nama_kota,nama_kecamatan,nama_kelurahan,odp,proses_pemantauan,selesai_pemantauan,pdp,masih_dirawat,pulang_dan_sehat,positif,dirawat,sembuh,meninggal,self_isolation,keterangan
3172051003,DKI JAKARTA,JAKARTA UTARA,PADEMANGAN,ANCOL,5,0,5,1,1,0,1,1,0,0,0,
3173041007,DKI JAKARTA,JAKARTA BARAT,TAMBORA,ANGKE,2,0,2,0,0,0,0,0,0,0,0,
3175041005,DKI JAKARTA,JAKARTA TIMUR,KRAMAT JATI,BALE KAMBANG,3,0,3,2,1,1,1,0,0,0,1,
3175031003,DKI JAKARTA,JAKARTA TIMUR,JATINEGARA,BALI MESTER,1,1,0,2,0,2,1,0,0,0,1,
3175101006,DKI JAKARTA,JAKARTA TIMUR,CIPAYUNG,BAMBU APUS,3,1,2,2,2,0,0,0,0,0,0,
3174031002,DKI JAKARTA,JAKARTA SELATAN,MAMPANG PRAPATAN,BANGKA,5,0,5,6,2,4,7,2,3,1,1,
3175051002,DKI JAKARTA,JAKARTA TIMUR,PASAR REBO,BARU,0,0,0,1,1,0,0,0,0,0,0,
3175041004,DKI JAKARTA,JAKARTA TIMUR,KRAMAT JATI,BATU AMPAR,5,3,2,8,6,2,6,4,0,0,2,
BELUM DIKETAHUI,BELUM DIKETAHUI,BELUM DIKETAHUI,BELUM DIKETAHUI,BELUM DIKETAHUI,1041,93,948,191,106,85,149,126,2,7,14,
3171071002,DKI JAKARTA,JAKARTA PUSAT,TANAH ABANG,BENDUNGAN HILIR,6,2,4,5,1,4,2,0,0,0,2,
3175031002,DKI JAKARTA,JAKARTA TIMUR,JATINEGARA,BIDARA CINA,3,0,3,0,0,0,1,1,0,0,0,
3174101002,DKI JAKARTA,JAKARTA SELATAN,PESANGGRAHAN,BINTARO,12,0,12,6,5,1,5,1,0,3,1,
3174011005,DKI JAKARTA,JAKARTA SELATAN,TEBET,BUKIT DURI,5,0,5,3,3,0,3,2,0,1,0,
3171041006,DKI JAKARTA,JAKARTA PUSAT,SENEN,BUNGUR,2,1,1,3,2,1,1,0,0,0,1,
3175061007,DKI JAKARTA,JAKARTA TIMUR,CAKUNG,CAKUNG BARAT,1,0,1,0,0,0,0,0,0,0,0,
3175061004,DKI JAKARTA,JAKARTA TIMUR,CAKUNG,CAKUNG TIMUR,4,0,4,2,1,1,1,1,0,0,0,
3175041007,DKI JAKARTA,JAKARTA TIMUR,KRAMAT JATI,CAWANG,1,0,1,3,1,2,1,0,1,0,0,
3175101008,DKI JAKARTA,JAKARTA TIMUR,CIPAYUNG,CEGER,4,1,3,1,0,1,0,0,0,0,0,
3171031006,DKI JAKARTA,JAKARTA PUSAT,KEMAYORAN,CEMPAKA BARU,1,0,1,4,3,1,0,0,0,0,0,
3171051002,DKI JAKARTA,JAKARTA PUSAT,CEMPAKA PUTIH,CEMPAKA PUTIH BARAT,2,1,1,3,2,1,3,1,1,0,1,
3171051001,DKI JAKARTA,JAKARTA PUSAT,CEMPAKA PUTIH,CEMPAKA PUTIH TIMUR,6,0,6,2,2,0,0,0,0,0,0,
3173011001,DKI JAKARTA,JAKARTA BARAT,CENGKARENG,CENGKARENG BARAT,4,1,3,2,2,0,1,0,0,0,1,
3173011006,DKI JAKARTA,JAKARTA BARAT,CENGKARENG,CENGKARENG TIMUR,8,2,6,3,3,0,3,2,0,1,0,
3175091002,DKI JAKARTA,JAKARTA TIMUR,CIRACAS,CIBUBUR,3,0,3,2,0,2,1,0,0,1,0,
3171011002,DKI JAKARTA,JAKARTA PUSAT,GAMBIR,CIDENG,1,0,1,0,0,0,0,0,0,0,0,
3174091003,DKI JAKARTA,JAKARTA SELATAN,JAGAKARSA,CIGANJUR,0,0,0,2,2,0,1,1,0,0,0,
3175051003,DKI JAKARTA,JAKARTA TIMUR,PASAR REBO,CIJANTUNG,0,0,0,4,3,1,2,0,0,1,1,
3171061003,DKI JAKARTA,JAKARTA PUSAT,MENTENG,CIKINI,1,0,1,2,2,0,0,0,0,0,0,
3174081006,DKI JAKARTA,JAKARTA SELATAN,PANCORAN,CIKOKO,1,1,0,0,0,0,0,0,0,0,0,
3174061001,DKI JAKARTA,JAKARTA SELATAN,CILANDAK,CILANDAK BARAT,9,2,7,13,8,5,6,2,1,1,2,
3174041003,DKI JAKARTA,JAKARTA SELATAN,PASAR MINGGU,CILANDAK TIMUR,1,1,0,10,4,6,2,0,2,0,0,
3175101002,DKI JAKARTA,JAKARTA TIMUR,CIPAYUNG,CILANGKAP,4,1,3,0,0,0,1,1,0,0,0,
3175041006,DKI JAKARTA,JAKARTA TIMUR,KRAMAT JATI,CILILITAN,4,1,3,5,3,2,0,0,0,0,0,
3172041001,DKI JAKARTA,JAKARTA UTARA,CILINCING,CILINCING,5,1,4,3,3,0,0,0,0,0,0,
3175101001,DKI JAKARTA,JAKARTA TIMUR,CIPAYUNG,CIPAYUNG,3,3,0,1,1,0,0,0,0,0,0,
3174091006,DKI JAKARTA,JAKARTA SELATAN,JAGAKARSA,CIPEDAK,3,1,2,1,0,1,0,0,0,0,0,
3174061005,DKI JAKARTA,JAKARTA SELATAN,CILANDAK,CIPETE SELATAN,7,2,5,5,3,2,2,0,0,0,2,
3174071010,DKI JAKARTA,JAKARTA SELATAN,KEBAYORAN BARU,CIPETE UTARA,8,1,7,5,1,4,0,0,0,0,0,
3175021003,DKI JAKARTA,JAKARTA TIMUR,PULO GADUNG,CIPINANG,0,0,0,3,2,1,1,1,0,0,0,
3175031007,DKI JAKARTA,JAKARTA TIMUR,JATINEGARA,CIPINANG BESAR SELATAN,3,0,3,0,0,0,0,0,0,0,0,
3175031008,DKI JAKARTA,JAKARTA TIMUR,JATINEGARA,CIPINANG BESAR UTARA,2,0,2,2,2,0,2,2,0,0,0,
3175031005,DKI JAKARTA,JAKARTA TIMUR,JATINEGARA,CIPINANG CEMPEDAK,0,0,0,3,2,1,1,1,0,0,0,
3175081005,DKI JAKARTA,JAKARTA TIMUR,MAKASAR,CIPINANG MELAYU,2,2,0,2,0,2,2,0,0,2,0,
3175031006,DKI JAKARTA,JAKARTA TIMUR,JATINEGARA,CIPINANG MUARA,1,1,0,3,2,1,2,1,0,1,0,
3174051003,DKI JAKARTA,JAKARTA SELATAN,KEBAYORAN LAMA,CIPULIR,3,2,1,5,2,3,2,1,1,0,0,
3175091001,DKI JAKARTA,JAKARTA TIMUR,CIRACAS,CIRACAS,4,0,4,4,3,1,2,2,0,0,0,
3175041003,DKI JAKARTA,JAKARTA TIMUR,KRAMAT JATI,DUKUH,5,3,2,0,0,0,1,1,0,0,0,
3175071001,DKI JAKARTA,JAKARTA TIMUR,DUREN SAWIT,DUREN SAWIT,7,1,6,4,4,0,7,6,0,1,0,
3174081004,DKI JAKARTA,JAKARTA SELATAN,PANCORAN,DUREN TIGA,1,0,1,2,1,1,1,0,1,0,0,
3173051005,DKI JAKARTA,JAKARTA BARAT,KEBON JERUK,DURI KEPA,2,0,2,7,5,2,5,1,1,1,2,
3173011002,DKI JAKARTA,JAKARTA BARAT,CENGKARENG,DURI KOSAMBI,4,0,4,2,1,1,3,3,0,0,0,
3171011006,DKI JAKARTA,JAKARTA PUSAT,GAMBIR,DURI PULO,2,1,1,1,1,0,0,0,0,0,0,
3173041011,DKI JAKARTA,JAKARTA BARAT,TAMBORA,DURI SELATAN,0,0,0,0,0,0,0,0,0,0,0,
3173041003,DKI JAKARTA,JAKARTA BARAT,TAMBORA,DURI UTARA,0,0,0,0,0,0,0,0,0,0,0,
3171081003,DKI JAKARTA,JAKARTA PUSAT,JOHAR BARU,GALUR,1,1,0,0,0,0,0,0,0,0,0,
3171011001,DKI JAKARTA,JAKARTA PUSAT,GAMBIR,GAMBIR,13,13,0,0,0,0,0,0,0,0,0,
3174061004,DKI JAKARTA,JAKARTA SELATAN,CILANDAK,GANDARIA SELATAN,2,0,2,2,2,0,0,0,0,0,0,
3174071009,DKI JAKARTA,JAKARTA SELATAN,KEBAYORAN BARU,GANDARIA UTARA,7,3,4,5,3,2,1,1,0,0,0,
3175051001,DKI JAKARTA,JAKARTA TIMUR,PASAR REBO,GEDONG,3,1,2,1,1,0,0,0,0,0,0,
3171071001,DKI JAKARTA,JAKARTA PUSAT,TANAH ABANG,GELORA,3,0,3,2,1,1,2,1,1,0,0,
3173031007,DKI JAKARTA,JAKARTA BARAT,TAMAN SARI,GLODOK,0,0,0,0,0,0,1,1,0,0,0,
3171061004,DKI JAKARTA,JAKARTA PUSAT,MENTENG,GONDANGDIA,1,0,1,0,0,0,0,0,0,0,0,
3173021001,DKI JAKARTA,JAKARTA BARAT,GROGOL PETAMBURAN,GROGOL,2,1,1,2,1,1,1,0,0,0,1,
3174051005,DKI JAKARTA,JAKARTA SELATAN,KEBAYORAN LAMA,GROGOL SELATAN,2,0,2,4,3,1,3,2,0,0,1,
3174051004,DKI JAKARTA,JAKARTA SELATAN,KEBAYORAN LAMA,GROGOL UTARA,3,1,2,2,1,1,1,1,0,0,0,
3174021007,DKI JAKARTA,JAKARTA SELATAN,SETIA BUDI,GUNTUR,0,0,0,0,0,0,1,0,1,0,0,
3174071002,DKI JAKARTA,JAKARTA SELATAN,KEBAYORAN BARU,GUNUNG,2,0,2,1,1,0,1,0,1,0,0,
3171031005,DKI JAKARTA,JAKARTA PUSAT,KEMAYORAN,GUNUNG SAHARI SELATAN,2,0,2,0,0,0,0,0,0,0,0,
3171021004,DKI JAKARTA,JAKARTA PUSAT,SAWAH BESAR,GUNUNG SAHARI UTARA,0,0,0,3,3,0,2,1,0,1,0,
3175081004,DKI JAKARTA,JAKARTA TIMUR,MAKASAR,HALIM PERDANA KUSUMAH,0,0,0,3,3,0,6,4,0,0,2,
3171031003,DKI JAKARTA,JAKARTA PUSAT,KEMAYORAN,HARAPAN MULIA,3,2,1,3,2,1,1,1,0,0,0,
3174091001,DKI JAKARTA,JAKARTA SELATAN,JAGAKARSA,JAGAKARSA,3,2,1,4,3,1,3,3,0,0,0,
3175021007,DKI JAKARTA,JAKARTA TIMUR,PULO GADUNG,JATI,2,1,1,7,2,5,2,1,0,0,1,
3174041002,DKI JAKARTA,JAKARTA SELATAN,PASAR MINGGU,JATI PADANG,1,0,1,2,2,0,1,0,0,0,1,
3173071004,DKI JAKARTA,JAKARTA BARAT,PALMERAH,JATI PULO,2,2,0,4,4,0,2,0,0,0,2,
3175061001,DKI JAKARTA,JAKARTA TIMUR,CAKUNG,JATINEGARA,0,0,0,1,1,0,0,0,0,0,0,
3175021004,DKI JAKARTA,JAKARTA TIMUR,PULO GADUNG,JATINEGARA KAUM,0,0,0,1,1,0,0,0,0,0,0,
3173021004,DKI JAKARTA,JAKARTA BARAT,GROGOL PETAMBURAN,JELAMBAR,1,0,1,2,2,0,2,2,0,0,0,
3173021006,DKI JAKARTA,JAKARTA BARAT,GROGOL PETAMBURAN,JELAMBAR BARU,1,0,1,3,3,0,2,2,0,0,0,
3173041006,DKI JAKARTA,JAKARTA BARAT,TAMBORA,JEMBATAN BESI,2,0,2,0,0,0,0,0,0,0,0,
3173041008,DKI JAKARTA,JAKARTA BARAT,TAMBORA,JEMBATAN LIMA,0,0,0,1,1,0,0,0,0,0,0,
3173081005,DKI JAKARTA,JAKARTA BARAT,KEMBANGAN,JOGLO,5,3,2,2,2,0,2,0,1,0,1,
3171081001,DKI JAKARTA,JAKARTA PUSAT,JOHAR BARU,JOHAR BARU,0,0,0,1,1,0,1,1,0,0,0,
3173041002,DKI JAKARTA,JAKARTA BARAT,TAMBORA,KALI ANYAR,0,0,0,0,0,0,0,0,0,0,0,
3172041004,DKI JAKARTA,JAKARTA UTARA,CILINCING,KALI BARU,2,2,0,0,0,0,0,0,0,0,0,
3174081002,DKI JAKARTA,JAKARTA SELATAN,PANCORAN,KALIBATA,4,1,3,4,2,2,1,1,0,0,0,
3173061001,DKI JAKARTA,JAKARTA BARAT,KALI DERES,KALIDERES,6,0,6,10,9,1,11,7,0,0,4,
3175051004,DKI JAKARTA,JAKARTA TIMUR,PASAR REBO,KALISARI,4,3,1,6,4,2,2,1,1,0,0,
3173061004,DKI JAKARTA,JAKARTA BARAT,KALI DERES,KAMAL,3,0,3,4,2,2,1,1,0,0,0,
3172011002,DKI JAKARTA,JAKARTA UTARA,PENJARINGAN,KAMAL MUARA,0,0,0,2,1,1,1,0,0,1,0,
3171071007,DKI JAKARTA,JAKARTA PUSAT,TANAH ABANG,KAMPUNG BALI,1,0,1,0,0,0,0,0,0,0,0,
3175031001,DKI JAKARTA,JAKARTA TIMUR,JATINEGARA,KAMPUNG MELAYU,1,0,1,0,0,0,0,0,0,0,0,
3171081002,DKI JAKARTA,JAKARTA PUSAT,JOHAR BARU,KAMPUNG RAWA,1,1,0,2,2,0,3,0,1,1,1,
3175041002,DKI JAKARTA,JAKARTA TIMUR,KRAMAT JATI,KAMPUNG TENGAH,1,0,1,2,2,0,1,0,0,0,1,
3173011005,DKI JAKARTA,JAKARTA BARAT,CENGKARENG,KAPUK,4,3,1,2,1,1,1,0,0,1,0,
3172011003,DKI JAKARTA,JAKARTA UTARA,PENJARINGAN,KAPUK MUARA,7,1,6,3,0,3,0,0,0,0,0,
3171021002,DKI JAKARTA,JAKARTA PUSAT,SAWAH BESAR,KARANG ANYAR,2,0,2,0,0,0,0,0,0,0,0,
3174021004,DKI JAKARTA,JAKARTA SELATAN,SETIA BUDI,KARET,1,0,1,2,0,2,0,0,0,0,0,
3174021003,DKI JAKARTA,JAKARTA SELATAN,SETIA BUDI,KARET KUNINGAN,3,0,3,7,4,3,4,4,0,0,0,
3174021002,DKI JAKARTA,JAKARTA SELATAN,SETIA BUDI,KARET SEMANGGI,9,7,2,4,2,2,2,0,1,1,0,
3171071003,DKI JAKARTA,JAKARTA PUSAT,TANAH ABANG,KARET TENGSIN,6,2,4,5,1,4,0,0,0,0,0,
3171021003,DKI JAKARTA,JAKARTA PUSAT,SAWAH BESAR,KARTINI,1,0,1,0,0,0,0,0,0,0,0,
3175011003,DKI JAKARTA,JAKARTA TIMUR,MATRAMAN,KAYU MANIS,3,0,3,2,2,0,1,1,0,0,0,
3175021006,DKI JAKARTA,JAKARTA TIMUR,PULO GADUNG,KAYU PUTIH,2,0,2,5,4,1,2,1,0,0,1,
3173031006,DKI JAKARTA,JAKARTA BARAT,TAMAN SARI,KEAGUNGAN,1,0,1,2,0,2,0,0,0,0,0,
3174041007,DKI JAKARTA,JAKARTA SELATAN,PASAR MINGGU,KEBAGUSAN,2,1,1,1,1,0,1,1,0,0,0,
3174051006,DKI JAKARTA,JAKARTA SELATAN,KEBAYORAN LAMA,KEBAYORAN LAMA SELATAN,7,2,5,3,2,1,2,2,0,0,0,
3174051001,DKI JAKARTA,JAKARTA SELATAN,KEBAYORAN LAMA,KEBAYORAN LAMA UTARA,5,1,4,3,2,1,3,1,1,0,1,
3174011004,DKI JAKARTA,JAKARTA SELATAN,TEBET,KEBON BARU,2,0,2,3,1,2,0,0,0,0,0,
3172021005,DKI JAKARTA,JAKARTA UTARA,TANJUNG PRIOK,KEBON BAWANG,3,2,1,3,3,0,1,1,0,0,0,
3173051001,DKI JAKARTA,JAKARTA BARAT,KEBON JERUK,KEBON JERUK,2,0,2,11,11,0,9,5,2,2,0,
3171071006,DKI JAKARTA,JAKARTA PUSAT,TANAH ABANG,KEBON KACANG,4,1,3,3,2,1,0,0,0,0,0,
3171011005,DKI JAKARTA,JAKARTA PUSAT,GAMBIR,KEBON KELAPA,0,0,0,1,1,0,0,0,0,0,0,
3171031002,DKI JAKARTA,JAKARTA PUSAT,KEMAYORAN,KEBON KOSONG,3,1,2,3,2,1,3,1,0,1,1,
3175011005,DKI JAKARTA,JAKARTA TIMUR,MATRAMAN,KEBON MANGGIS,1,1,0,0,0,0,0,0,0,0,0,
3171071005,DKI JAKARTA,JAKARTA PUSAT,TANAH ABANG,KEBON MELATI,11,6,5,10,7,3,1,0,1,0,0,
3175081003,DKI JAKARTA,JAKARTA TIMUR,MAKASAR,KEBON PALA,2,0,2,4,3,1,0,0,0,0,0,
3171061005,DKI JAKARTA,JAKARTA PUSAT,MENTENG,KEBON SIRIH,2,0,2,0,0,0,0,0,0,0,0,
3173011004,DKI JAKARTA,JAKARTA BARAT,CENGKARENG,KEDAUNG KALI ANGKE,2,0,2,0,0,0,1,1,0,0,0,
3173051007,DKI JAKARTA,JAKARTA BARAT,KEBON JERUK,KEDOYA SELATAN,4,0,4,6,3,3,4,3,0,0,1,
3173051006,DKI JAKARTA,JAKARTA BARAT,KEBON JERUK,KEDOYA UTARA,4,0,4,3,1,2,1,1,0,0,0,
3173051004,DKI JAKARTA,JAKARTA BARAT,KEBON JERUK,KELAPA DUA,1,1,0,3,3,0,2,0,2,0,0,
3175091003,DKI JAKARTA,JAKARTA TIMUR,CIRACAS,KELAPA DUA WETAN,2,0,2,2,2,0,0,0,0,0,0,
3172061003,DKI JAKARTA,JAKARTA UTARA,KELAPA GADING,KELAPA GADING BARAT,25,16,9,5,5,0,3,1,0,0,2,
3172061001,DKI JAKARTA,JAKARTA UTARA,KELAPA GADING,KELAPA GADING TIMUR,6,0,6,10,8,2,13,6,1,3,3,
3173071005,DKI JAKARTA,JAKARTA BARAT,PALMERAH,KEMANGGISAN,4,0,4,3,1,2,0,0,0,0,0,
3171031001,DKI JAKARTA,JAKARTA PUSAT,KEMAYORAN,KEMAYORAN,0,0,0,0,0,0,1,1,0,0,0,
3173081006,DKI JAKARTA,JAKARTA BARAT,KEMBANGAN,KEMBANGAN SELATAN,7,3,4,4,4,0,2,1,1,0,0,
3173081001,DKI JAKARTA,JAKARTA BARAT,KEMBANGAN,KEMBANGAN UTARA,1,0,1,4,3,1,3,0,1,0,2,
3171041002,DKI JAKARTA,JAKARTA PUSAT,SENEN,KENARI,7,3,4,1,1,0,1,1,0,0,0,
3173041005,DKI JAKARTA,JAKARTA BARAT,TAMBORA,KERENDANG,2,2,0,1,1,0,0,0,0,0,0,
3175071003,DKI JAKARTA,JAKARTA TIMUR,DUREN SAWIT,KLENDER,4,1,3,2,2,0,2,1,0,0,1,
3172031001,DKI JAKARTA,JAKARTA UTARA,KOJA,KOJA,1,0,1,1,1,0,0,0,0,0,0,
3173071006,DKI JAKARTA,JAKARTA BARAT,PALMERAH,KOTA BAMBU SELATAN,2,0,2,0,0,0,0,0,0,0,0,
3173071003,DKI JAKARTA,JAKARTA BARAT,PALMERAH,KOTA BAMBU UTARA,2,1,1,1,1,0,3,3,0,0,0,
3171041004,DKI JAKARTA,JAKARTA PUSAT,SENEN,KRAMAT,2,0,2,2,2,0,0,0,0,0,0,
3175041001,DKI JAKARTA,JAKARTA TIMUR,KRAMAT JATI,KRAMAT JATI,0,0,0,1,0,1,1,0,0,1,0,
3174071003,DKI JAKARTA,JAKARTA SELATAN,KEBAYORAN BARU,KRAMAT PELA,2,0,2,1,0,1,1,1,0,0,0,
3173031002,DKI JAKARTA,JAKARTA BARAT,TAMAN SARI,KRUKUT,0,0,0,0,0,0,0,0,0,0,0,
3174031005,DKI JAKARTA,JAKARTA SELATAN,MAMPANG PRAPATAN,KUNINGAN BARAT,1,0,1,0,0,0,0,0,0,0,0,
3174021008,DKI JAKARTA,JAKARTA SELATAN,SETIA BUDI,KUNINGAN TIMUR,2,0,2,1,1,0,0,0,0,0,0,
3171041005,DKI JAKARTA,JAKARTA PUSAT,SENEN,KWITANG,1,1,0,0,0,0,0,0,0,0,0,
3172031003,DKI JAKARTA,JAKARTA UTARA,KOJA,LAGOA,6,1,5,1,1,0,0,0,0,0,0,
3174061002,DKI JAKARTA,JAKARTA SELATAN,CILANDAK,LEBAK BULUS,12,4,8,8,4,4,4,3,0,0,1,
3174091004,DKI JAKARTA,JAKARTA SELATAN,JAGAKARSA,LENTENG AGUNG,5,1,4,5,1,4,0,0,0,0,0,
LUAR DKI JAKARTA,LUAR DKI JAKARTA,LUAR DKI JAKARTA,LUAR DKI JAKARTA,LUAR DKI JAKARTA,229,57,172,147,106,41,68,36,4,6,22,
3175101007,DKI JAKARTA,JAKARTA TIMUR,CIPAYUNG,LUBANG BUAYA,3,0,3,2,2,0,0,0,0,0,0,
3175081001,DKI JAKARTA,JAKARTA TIMUR,MAKASAR,MAKASAR,2,0,2,1,0,1,0,0,0,0,0,
3175071006,DKI JAKARTA,JAKARTA TIMUR,DUREN SAWIT,MALAKA JAYA,3,0,3,1,1,0,0,0,0,0,0,
3175071005,DKI JAKARTA,JAKARTA TIMUR,DUREN SAWIT,MALAKA SARI,1,1,0,0,0,0,1,0,0,1,0,
3174031001,DKI JAKARTA,JAKARTA SELATAN,MAMPANG PRAPATAN,MAMPANG PRAPATAN,3,3,0,0,0,0,0,0,0,0,0,
3173031005,DKI JAKARTA,JAKARTA BARAT,TAMAN SARI,MANGGA BESAR,0,0,0,0,0,0,0,0,0,0,0,
3171021005,DKI JAKARTA,JAKARTA PUSAT,SAWAH BESAR,MANGGA DUA SELATAN,3,1,2,0,0,0,0,0,0,0,0,
3174011007,DKI JAKARTA,JAKARTA SELATAN,TEBET,MANGGARAI,3,0,3,0,0,0,0,0,0,0,0,
3174011006,DKI JAKARTA,JAKARTA SELATAN,TEBET,MANGGARAI SELATAN,0,0,0,0,0,0,0,0,0,0,0,
3173031003,DKI JAKARTA,JAKARTA BARAT,TAMAN SARI,MAPHAR,0,0,0,0,0,0,0,0,0,0,0,
3172041003,DKI JAKARTA,JAKARTA UTARA,CILINCING,MARUNDA,1,0,1,2,1,1,0,0,0,0,0,
3174071001,DKI JAKARTA,JAKARTA SELATAN,KEBAYORAN BARU,MELAWAI,2,0,2,0,0,0,1,1,0,0,0,
3171061001,DKI JAKARTA,JAKARTA PUSAT,MENTENG,MENTENG,11,8,3,5,3,2,1,1,0,0,0,
3174021005,DKI JAKARTA,JAKARTA SELATAN,SETIA BUDI,MENTENG ATAS,4,1,3,1,1,0,1,0,0,1,0,
3174011003,DKI JAKARTA,JAKARTA SELATAN,TEBET,MENTENG DALAM,2,1,1,7,4,3,3,2,0,1,0,
3173081003,DKI JAKARTA,JAKARTA BARAT,KEMBANGAN,MERUYA SELATAN,5,2,3,3,2,1,1,0,1,0,0,
3173081002,DKI JAKARTA,JAKARTA BARAT,KEMBANGAN,MERUYA UTARA,4,2,2,5,4,1,2,1,0,0,1,
3175101004,DKI JAKARTA,JAKARTA TIMUR,CIPAYUNG,MUNJUL,2,1,1,0,0,0,1,1,0,0,0,
3101011003,DKI JAKARTA,KAB.ADM.KEP.SERIBU,KEP. SERIBU UTARA,P. HARAPAN,0,0,0,0,0,0,0,0,0,0,0,
3101011002,DKI JAKARTA,KAB.ADM.KEP.SERIBU,KEP. SERIBU UTARA,P. KELAPA,0,0,0,0,0,0,0,0,0,0,0,
3101011001,DKI JAKARTA,KAB.ADM.KEP.SERIBU,KEP. SERIBU UTARA,P. PANGGANG,0,0,0,0,0,0,0,0,0,0,0,
3101021003,DKI JAKARTA,KAB.ADM.KEP.SERIBU,KEP. SERIBU SELATAN,P. PARI,0,0,0,0,0,0,0,0,0,0,0,
3101021002,DKI JAKARTA,KAB.ADM.KEP.SERIBU,KEP. SERIBU SELATAN,P. TIDUNG,0,0,0,0,0,0,0,0,0,0,0,
3172051002,DKI JAKARTA,JAKARTA UTARA,PADEMANGAN,PADEMANGAN BARAT,3,3,0,1,1,0,0,0,0,0,0,
3172051001,DKI JAKARTA,JAKARTA UTARA,PADEMANGAN,PADEMANGAN TIMUR,3,2,1,0,0,0,0,0,0,0,0,
3175011004,DKI JAKARTA,JAKARTA TIMUR,MATRAMAN,PAL MERIAM,2,0,2,0,0,0,0,0,0,0,0,
3173071001,DKI JAKARTA,JAKARTA BARAT,PALMERAH,PALMERAH,2,0,2,2,2,0,4,2,0,0,2,
3174081001,DKI JAKARTA,JAKARTA SELATAN,PANCORAN,PANCORAN,3,0,3,3,3,0,2,2,0,0,0,
3172021003,DKI JAKARTA,JAKARTA UTARA,TANJUNG PRIOK,PAPANGGO,16,15,1,1,1,0,0,0,0,0,0,
3171021001,DKI JAKARTA,JAKARTA PUSAT,SAWAH BESAR,PASAR BARU,2,1,1,1,0,1,0,0,0,0,0,
3174021006,DKI JAKARTA,JAKARTA SELATAN,SETIA BUDI,PASAR MANGGIS,2,1,1,1,0,1,3,1,1,1,0,
3174041001,DKI JAKARTA,JAKARTA SELATAN,PASAR MINGGU,PASAR MINGGU,3,1,2,4,2,2,2,1,1,0,0,
3171041003,DKI JAKARTA,JAKARTA PUSAT,SENEN,PASEBAN,24,9,15,2,2,0,1,1,0,0,0,
3173061005,DKI JAKARTA,JAKARTA BARAT,KALI DERES,PEGADUNGAN,3,1,2,11,11,0,15,9,0,0,6,
3171061002,DKI JAKARTA,JAKARTA PUSAT,MENTENG,PEGANGSAAN,2,1,1,1,1,0,1,0,0,0,1,
3172061002,DKI JAKARTA,JAKARTA UTARA,KELAPA GADING,PEGANGSAAN DUA,57,52,5,3,3,0,1,0,1,0,0,
3172011004,DKI JAKARTA,JAKARTA UTARA,PENJARINGAN,PEJAGALAN,11,4,7,1,1,0,1,1,0,0,0,
3174041006,DKI JAKARTA,JAKARTA SELATAN,PASAR MINGGU,PEJATEN BARAT,5,1,4,1,0,1,0,0,0,0,0,
3174041005,DKI JAKARTA,JAKARTA SELATAN,PASAR MINGGU,PEJATEN TIMUR,4,0,4,3,3,0,3,2,1,0,0,
3175051005,DKI JAKARTA,JAKARTA TIMUR,PASAR REBO,PEKAYON,1,0,1,1,0,1,0,0,0,0,0,
3173041009,DKI JAKARTA,JAKARTA BARAT,TAMBORA,PEKOJAN,1,0,1,1,1,0,0,0,0,0,0,
3174031003,DKI JAKARTA,JAKARTA SELATAN,MAMPANG PRAPATAN,PELA MAMPANG,6,3,3,5,3,2,2,0,0,2,0,
3174081005,DKI JAKARTA,JAKARTA SELATAN,PANCORAN,PENGADEGAN,2,0,2,0,0,0,0,0,0,0,0,
3175061003,DKI JAKARTA,JAKARTA TIMUR,CAKUNG,PENGGILINGAN,4,1,3,6,3,3,4,3,0,1,0,
3172011001,DKI JAKARTA,JAKARTA UTARA,PENJARINGAN,PENJARINGAN,11,1,10,4,4,0,0,0,0,0,0,
3174101001,DKI JAKARTA,JAKARTA SELATAN,PESANGGRAHAN,PESANGGRAHAN,1,0,1,3,2,1,3,0,0,3,0,
3171071004,DKI JAKARTA,JAKARTA PUSAT,TANAH ABANG,PETAMBURAN,2,1,1,4,4,0,0,0,0,0,0,
3174071008,DKI JAKARTA,JAKARTA SELATAN,KEBAYORAN BARU,PETOGOGAN,3,0,3,2,1,1,1,1,0,0,0,
3171011004,DKI JAKARTA,JAKARTA PUSAT,GAMBIR,PETOJO SELATAN,6,3,3,1,1,0,0,0,0,0,0,
3171011003,DKI JAKARTA,JAKARTA PUSAT,GAMBIR,PETOJO UTARA,2,0,2,2,2,0,1,1,0,0,0,
3174101004,DKI JAKARTA,JAKARTA SELATAN,PESANGGRAHAN,PETUKANGAN SELATAN,0,0,0,5,4,1,2,0,0,0,2,
3174101003,DKI JAKARTA,JAKARTA SELATAN,PESANGGRAHAN,PETUKANGAN UTARA,4,0,4,2,2,0,2,1,0,0,1,
3175081002,DKI JAKARTA,JAKARTA TIMUR,MAKASAR,PINANG RANTI,4,1,3,1,1,0,1,1,0,0,0,
3173031008,DKI JAKARTA,JAKARTA BARAT,TAMAN SARI,PINANGSIA,0,0,0,0,0,0,0,0,0,0,0,
3175011001,DKI JAKARTA,JAKARTA TIMUR,MATRAMAN,PISANGAN BARU,3,2,1,3,2,1,3,2,1,0,0,
3175021002,DKI JAKARTA,JAKARTA TIMUR,PULO GADUNG,PISANGAN TIMUR,36,0,36,6,5,1,3,1,0,2,0,
3172011005,DKI JAKARTA,JAKARTA UTARA,PENJARINGAN,PLUIT,9,5,4,9,5,4,7,5,0,2,0,
3175071002,DKI JAKARTA,JAKARTA TIMUR,DUREN SAWIT,PONDOK BAMBU,5,2,3,2,1,1,2,1,0,0,1,
3175071004,DKI JAKARTA,JAKARTA TIMUR,DUREN SAWIT,PONDOK KELAPA,10,1,9,3,2,1,4,1,0,2,1,
3175071007,DKI JAKARTA,JAKARTA TIMUR,DUREN SAWIT,PONDOK KOPI,3,0,3,1,0,1,0,0,0,0,0,
3174061003,DKI JAKARTA,JAKARTA SELATAN,CILANDAK,PONDOK LABU,2,0,2,5,2,3,2,0,1,0,1,
3174051002,DKI JAKARTA,JAKARTA SELATAN,KEBAYORAN LAMA,PONDOK PINANG,10,2,8,7,6,1,6,3,0,1,2,
3175101003,DKI JAKARTA,JAKARTA TIMUR,CIPAYUNG,PONDOK RANGGON,0,0,0,1,1,0,0,0,0,0,0,
3174071007,DKI JAKARTA,JAKARTA SELATAN,KEBAYORAN BARU,PULO,0,0,0,0,0,0,1,0,0,0,1,
3175021001,DKI JAKARTA,JAKARTA TIMUR,PULO GADUNG,PULO GADUNG,3,1,2,3,1,2,1,1,0,0,0,
3175061005,DKI JAKARTA,JAKARTA TIMUR,CAKUNG,PULO GEBANG,2,2,0,2,0,2,0,0,0,0,0,
3174041004,DKI JAKARTA,JAKARTA SELATAN,PASAR MINGGU,RAGUNAN,1,0,1,1,1,0,1,0,0,0,1,
3175091005,DKI JAKARTA,JAKARTA TIMUR,CIRACAS,RAMBUTAN,1,0,1,2,1,1,0,0,0,0,0,
3172031006,DKI JAKARTA,JAKARTA UTARA,KOJA,RAWA BADAK SELATAN,5,1,4,0,0,0,0,0,0,0,0,
3172031004,DKI JAKARTA,JAKARTA UTARA,KOJA,RAWA BADAK UTARA,0,0,0,3,2,1,0,0,0,0,0,
3174071005,DKI JAKARTA,JAKARTA SELATAN,KEBAYORAN BARU,RAWA BARAT,3,1,2,2,2,0,5,2,1,1,1,
3173011003,DKI JAKARTA,JAKARTA BARAT,CENGKARENG,RAWA BUAYA,1,1,0,0,0,0,0,0,0,0,0,
3175031004,DKI JAKARTA,JAKARTA TIMUR,JATINEGARA,RAWA BUNGA,3,2,1,0,0,0,0,0,0,0,0,
3174081003,DKI JAKARTA,JAKARTA SELATAN,PANCORAN,RAWA JATI,2,0,2,2,0,2,0,0,0,0,0,
3175061002,DKI JAKARTA,JAKARTA TIMUR,CAKUNG,RAWA TERATE,1,0,1,0,0,0,0,0,0,0,0,
3175021005,DKI JAKARTA,JAKARTA TIMUR,PULO GADUNG,RAWAMANGUN,2,0,2,2,2,0,3,3,0,0,0,
3171051003,DKI JAKARTA,JAKARTA PUSAT,CEMPAKA PUTIH,RAWASARI,8,3,5,3,2,1,0,0,0,0,0,
3173041010,DKI JAKARTA,JAKARTA BARAT,TAMBORA,ROA MALAKA,1,0,1,0,0,0,0,0,0,0,0,
3172041006,DKI JAKARTA,JAKARTA UTARA,CILINCING,ROROTAN,3,0,3,1,1,0,0,0,0,0,0,
3174071004,DKI JAKARTA,JAKARTA SELATAN,KEBAYORAN BARU,SELONG,0,0,0,2,2,0,1,1,0,0,0,
3173061002,DKI JAKARTA,JAKARTA BARAT,KALI DERES,SEMANAN,2,2,0,0,0,0,0,0,0,0,0,
3172041007,DKI JAKARTA,JAKARTA UTARA,CILINCING,SEMPER BARAT,11,2,9,0,0,0,0,0,0,0,0,
3172041005,DKI JAKARTA,JAKARTA UTARA,CILINCING,SEMPER TIMUR,2,0,2,0,0,0,0,0,0,0,0,
3174071006,DKI JAKARTA,JAKARTA SELATAN,KEBAYORAN BARU,SENAYAN,0,0,0,12,12,0,17,1,0,0,16,
3171041001,DKI JAKARTA,JAKARTA PUSAT,SENEN,SENEN,1,1,0,2,2,0,0,0,0,0,0,
3171031004,DKI JAKARTA,JAKARTA PUSAT,KEMAYORAN,SERDANG,1,0,1,0,0,0,0,0,0,0,0,
3174021001,DKI JAKARTA,JAKARTA SELATAN,SETIA BUDI,SETIA BUDI,0,0,0,1,1,0,0,0,0,0,0,
3175101005,DKI JAKARTA,JAKARTA TIMUR,CIPAYUNG,SETU,1,0,1,1,1,0,1,0,1,0,0,
3173071002,DKI JAKARTA,JAKARTA BARAT,PALMERAH,SLIPI,1,0,1,0,0,0,0,0,0,0,0,
3173081004,DKI JAKARTA,JAKARTA BARAT,KEMBANGAN,SRENGSENG,4,2,2,7,5,2,5,5,0,0,0,
3174091002,DKI JAKARTA,JAKARTA SELATAN,JAGAKARSA,SRENGSENG SAWAH,0,0,0,1,1,0,1,1,0,0,0,
3173051003,DKI JAKARTA,JAKARTA BARAT,KEBON JERUK,SUKABUMI SELATAN,3,0,3,5,4,1,3,1,0,0,2,
3173051002,DKI JAKARTA,JAKARTA BARAT,KEBON JERUK,SUKABUMI UTARA,2,1,1,4,3,1,1,1,0,0,0,
3172041002,DKI JAKARTA,JAKARTA UTARA,CILINCING,SUKAPURA,6,4,2,2,1,1,1,0,0,1,0,
3171031007,DKI JAKARTA,JAKARTA PUSAT,KEMAYORAN,SUMUR BATU,1,0,1,0,0,0,0,0,0,0,0,
3172021004,DKI JAKARTA,JAKARTA UTARA,TANJUNG PRIOK,SUNGAI BAMBU,4,4,0,3,2,1,2,1,1,0,0,
3172021006,DKI JAKARTA,JAKARTA UTARA,TANJUNG PRIOK,SUNTER AGUNG,16,11,5,6,5,1,5,3,0,0,2,
3172021002,DKI JAKARTA,JAKARTA UTARA,TANJUNG PRIOK,SUNTER JAYA,2,1,1,6,3,3,2,1,0,0,1,
3175091004,DKI JAKARTA,JAKARTA TIMUR,CIRACAS,SUSUKAN,4,1,3,1,0,1,0,0,0,0,0,
3173031001,DKI JAKARTA,JAKARTA BARAT,TAMAN SARI,TAMAN SARI,1,0,1,2,1,1,0,0,0,0,0,
3173041001,DKI JAKARTA,JAKARTA BARAT,TAMBORA,TAMBORA,0,0,0,0,0,0,0,0,0,0,0,
3173041004,DKI JAKARTA,JAKARTA BARAT,TAMBORA,TANAH SEREAL,0,0,0,0,0,0,0,0,0,0,0,
3171081004,DKI JAKARTA,JAKARTA PUSAT,JOHAR BARU,TANAH TINGGI,3,0,3,1,0,1,1,0,0,0,1,
3173031004,DKI JAKARTA,JAKARTA BARAT,TAMAN SARI,TANGKI,3,0,3,0,0,0,0,0,0,0,0,
3174091005,DKI JAKARTA,JAKARTA SELATAN,JAGAKARSA,TANJUNG BARAT,2,0,2,7,5,2,6,0,0,1,5,
3173021005,DKI JAKARTA,JAKARTA BARAT,GROGOL PETAMBURAN,TANJUNG DUREN SELATAN,4,2,2,4,2,2,2,1,0,0,1,
3173021002,DKI JAKARTA,JAKARTA BARAT,GROGOL PETAMBURAN,TANJUNG DUREN UTARA,2,0,2,3,2,1,1,1,0,0,0,
3172021001,DKI JAKARTA,JAKARTA UTARA,TANJUNG PRIOK,TANJUNG PRIOK,1,0,1,0,0,0,0,0,0,0,0,
3174011002,DKI JAKARTA,JAKARTA SELATAN,TEBET,TEBET BARAT,3,0,3,4,3,1,4,4,0,0,0,
3174011001,DKI JAKARTA,JAKARTA SELATAN,TEBET,TEBET TIMUR,3,0,3,1,0,1,1,0,0,1,0,
3173061003,DKI JAKARTA,JAKARTA BARAT,KALI DERES,TEGAL ALUR,9,1,8,4,3,1,3,3,0,0,0,
3174031004,DKI JAKARTA,JAKARTA SELATAN,MAMPANG PRAPATAN,TEGAL PARANG,4,2,2,1,0,1,0,0,0,0,0,
3173021003,DKI JAKARTA,JAKARTA BARAT,GROGOL PETAMBURAN,TOMANG,16,13,3,8,8,0,11,10,0,0,1,
3172031005,DKI JAKARTA,JAKARTA UTARA,KOJA,TUGU SELATAN,1,0,1,3,3,0,1,0,0,0,1,
3172031002,DKI JAKARTA,JAKARTA UTARA,KOJA,TUGU UTARA,9,1,8,5,5,0,2,2,0,0,0,
3175061006,DKI JAKARTA,JAKARTA TIMUR,CAKUNG,UJUNG MENTENG,0,0,0,7,6,1,3,2,0,1,0,
3174101005,DKI JAKARTA,JAKARTA SELATAN,PESANGGRAHAN,ULUJAMI,2,0,2,2,2,0,2,1,0,0,1,
3101021001,DKI JAKARTA,KAB.ADM.KEP.SERIBU,KEP. SERIBU SELATAN,UNTUNG JAWA,0,0,0,0,0,0,0,0,0,0,0,
3175011006,DKI JAKARTA,JAKARTA TIMUR,MATRAMAN,UTAN KAYU SELATAN,4,1,3,4,1,3,3,2,0,1,0,
3175011002,DKI JAKARTA,JAKARTA TIMUR,MATRAMAN,UTAN KAYU UTARA,4,1,3,1,0,1,0,0,0,0,0,
3171031008,DKI JAKARTA,JAKARTA PUSAT,KEMAYORAN,UTAN PANJANG,1,1,0,1,1,0,1,1,0,0,0,
3172021007,DKI JAKARTA,JAKARTA UTARA,TANJUNG PRIOK,WARAKAS,3,0,3,0,0,0,0,0,0,0,0,
3173021007,DKI JAKARTA,JAKARTA BARAT,GROGOL PETAMBURAN,WIJAYA KUSUMA,1,0,1,1,0,1,0,0,0,0,0,
,,,,TOTAL,2200,481,1719,985,660,325,603,364,43,62,134,0
